PRAGMA foreign_keys=OFF;
BEGIN TRANSACTION;
CREATE TABLE "schema_migrations" ("version" varchar NOT NULL PRIMARY KEY);
INSERT INTO "schema_migrations" VALUES('20161202191955');
INSERT INTO "schema_migrations" VALUES('20161202192038');
INSERT INTO "schema_migrations" VALUES('20161202192112');
INSERT INTO "schema_migrations" VALUES('20161202192357');
INSERT INTO "schema_migrations" VALUES('20161202192455');
INSERT INTO "schema_migrations" VALUES('20161202195108');
INSERT INTO "schema_migrations" VALUES('20161202195228');
INSERT INTO "schema_migrations" VALUES('20161202195720');
INSERT INTO "schema_migrations" VALUES('20161202195840');
INSERT INTO "schema_migrations" VALUES('20161202200822');
INSERT INTO "schema_migrations" VALUES('20161202235421');
INSERT INTO "schema_migrations" VALUES('20161203001504');
INSERT INTO "schema_migrations" VALUES('20161203023810');
INSERT INTO "schema_migrations" VALUES('20161203040934');
INSERT INTO "schema_migrations" VALUES('20161203044057');
INSERT INTO "schema_migrations" VALUES('20161203044423');
INSERT INTO "schema_migrations" VALUES('20161203045115');
INSERT INTO "schema_migrations" VALUES('20161203045807');
INSERT INTO "schema_migrations" VALUES('20161203051104');
INSERT INTO "schema_migrations" VALUES('20161203053718');
INSERT INTO "schema_migrations" VALUES('20161203054537');
INSERT INTO "schema_migrations" VALUES('20161203075353');
INSERT INTO "schema_migrations" VALUES('20161203080205');
INSERT INTO "schema_migrations" VALUES('20161205140853');
CREATE TABLE "ar_internal_metadata" ("key" varchar NOT NULL PRIMARY KEY, "value" varchar, "created_at" datetime NOT NULL, "updated_at" datetime NOT NULL);
INSERT INTO "ar_internal_metadata" VALUES('environment','development','2016-12-02 20:17:46.389636','2016-12-02 20:17:46.389636');
CREATE TABLE "people" ("id" INTEGER PRIMARY KEY AUTOINCREMENT NOT NULL, "name" varchar, "first_name" varchar, "last_name" varchar, "email" varchar, "mobile_phone" varchar, "created_at" datetime NOT NULL, "updated_at" datetime NOT NULL);
INSERT INTO "people" VALUES(1,'Mike Flores','Mike','Flores','mflores@northwestbible.com','5204657200','2016-12-02 20:18:45.827390','2016-12-03 07:15:21.609467');
INSERT INTO "people" VALUES(2,'Alyssa Ghubril','Allyssa','Ghubril','aghubril@northwestbible.com','5205551234','2016-12-05 07:52:27.771426','2016-12-05 07:52:27.771426');
INSERT INTO "people" VALUES(3,'Zack Flores','Zack','Flores','z@money.com','5555551234','2016-12-05 08:20:45.771298','2016-12-05 10:02:11.283273');
INSERT INTO "people" VALUES(4,'Bemy Guest','Bemy','Guest','guest@test.com','5555550000','2016-12-05 12:26:45.304510','2016-12-06 18:43:21.369822');
INSERT INTO "people" VALUES(5,'Jeff Thune','Jeff','Thune','jthune@northwestbible.com','5555552222','2016-12-05 20:56:54.476237','2016-12-05 20:56:54.476237');
INSERT INTO "people" VALUES(6,'Josh Gray','Josh','Gray','jgray@northwestbible.com','5555553333','2016-12-05 20:58:10.753371','2016-12-05 20:58:10.753371');
INSERT INTO "people" VALUES(7,'Emily Bolthouse','Emily','Bolthouse','e@totallyawesome.com','5555554444','2016-12-05 20:59:22.741253','2016-12-05 20:59:44.249088');
CREATE TABLE "tags" ("id" INTEGER PRIMARY KEY AUTOINCREMENT NOT NULL, "name" varchar, "public" boolean, "created_at" datetime NOT NULL, "updated_at" datetime NOT NULL);
INSERT INTO "tags" VALUES(1,'student','t','2016-12-04 06:09:42.434210','2016-12-04 06:11:55.010587');
INSERT INTO "tags" VALUES(2,'babysitter','f','2016-12-04 06:11:19.506136','2016-12-04 06:12:01.586433');
CREATE TABLE "people_lists" ("id" INTEGER PRIMARY KEY AUTOINCREMENT NOT NULL, "name" varchar, "public" boolean, "created_at" datetime NOT NULL, "updated_at" datetime NOT NULL);
INSERT INTO "people_lists" VALUES(1,'Me Myself and I','f','2016-12-04 06:15:32.760996','2016-12-04 06:15:32.760996');
CREATE TABLE "destination_types" ("id" INTEGER PRIMARY KEY AUTOINCREMENT NOT NULL, "name" varchar, "created_at" datetime NOT NULL, "updated_at" datetime NOT NULL);
INSERT INTO "destination_types" VALUES(1,'Email','2016-12-02 20:20:29.157379','2016-12-02 20:20:29.157379');
INSERT INTO "destination_types" VALUES(2,'Facebook','2016-12-02 20:20:40.463238','2016-12-02 20:20:40.463238');
INSERT INTO "destination_types" VALUES(3,'Video','2016-12-02 20:20:48.369745','2016-12-02 20:20:48.369745');
INSERT INTO "destination_types" VALUES(4,'Print','2016-12-02 20:21:15.352895','2016-12-02 20:21:15.352895');
INSERT INTO "destination_types" VALUES(5,'Twitter','2016-12-06 01:42:15.335586','2016-12-06 01:43:02.012567');
INSERT INTO "destination_types" VALUES(6,'Instagram','2016-12-06 01:46:09.145708','2016-12-06 01:46:09.145708');
CREATE TABLE "destinations" ("id" INTEGER PRIMARY KEY AUTOINCREMENT NOT NULL, "name" varchar, "destination_type_id" integer, "description" text, "created_at" datetime NOT NULL, "updated_at" datetime NOT NULL);
INSERT INTO "destinations" VALUES(1,'Lobby Bulletin Board',4,'Poster for lobby bulletin board.','2016-12-02 22:07:13.191204','2016-12-02 22:07:13.191204');
INSERT INTO "destinations" VALUES(2,'Weekly Bulletin Ad',4,'Graphic ad in the Sunday morning bulletins.','2016-12-02 22:10:09.867443','2016-12-02 22:10:09.867443');
INSERT INTO "destinations" VALUES(3,'Email',1,'?','2016-12-03 05:50:39.078523','2016-12-03 05:50:39.078523');
INSERT INTO "destinations" VALUES(4,'This Week at Northwest',3,'Weekly announcements video shown in service Sunday morning and then available online and through our app.','2016-12-06 00:30:33.450056','2016-12-06 00:30:33.450056');
INSERT INTO "destinations" VALUES(5,'@youthnwbc',5,'youth group twitter account','2016-12-06 01:48:36.433557','2016-12-06 01:48:36.433557');
CREATE TABLE "media_items" ("id" INTEGER PRIMARY KEY AUTOINCREMENT NOT NULL, "name" varchar, "url" varchar, "file" blob, "created_at" datetime NOT NULL, "updated_at" datetime NOT NULL);
INSERT INTO "media_items" VALUES(1,'Winter Camp Registration Form','https://nwbc.ccbchurch.com/form_response.php?id=78',NULL,'2016-12-04 06:30:56.146120','2016-12-04 06:30:56.146120');
CREATE TABLE "entity_tags" ("id" INTEGER PRIMARY KEY AUTOINCREMENT NOT NULL, "basic_entity_id" integer, "basic_entity_type" varchar, "tag_id" integer, "created_at" datetime NOT NULL, "updated_at" datetime NOT NULL);
CREATE TABLE "events" ("id" INTEGER PRIMARY KEY AUTOINCREMENT NOT NULL, "name" varchar, "description" text, "start_date" date, "start_time" time, "end_date" date, "end_time" time, "all_day" boolean, "public" boolean, "created_at" datetime NOT NULL, "updated_at" datetime NOT NULL);
INSERT INTO "events" VALUES(1,'Youth Winter Camp','Camp is for 6th grade through 12th grade and will be at Young Life''s Lost Canyon in Williams, AZ. We will leave Friday, January 27th and return Sunday, January 29th.
The cost is: $195/Student. Students will also be responsible for dinner on the way to camp and lunch on the way home.
','2017-01-27','2016-12-03 15:00:00','2017-01-29','2016-12-03 17:00:00','f','t','2016-12-03 00:24:23.818753','2016-12-03 00:24:23.818753');
INSERT INTO "events" VALUES(2,'Leaders Quarterly','Quarterly meeting of connection group leaders.','2016-12-03','2016-12-03 09:00:00','2016-12-03','2016-12-03 11:00:00','f','t','2016-12-03 16:03:44.943006','2016-12-03 17:01:14.046199');
INSERT INTO "events" VALUES(3,'Christmas Eve Service','All church in the courtyard under the stars.','2016-12-24','2016-12-03 18:00:00','2016-12-24','2016-12-03 18:00:00','f','t','2016-12-03 16:05:16.937457','2016-12-03 16:05:16.937457');
INSERT INTO "events" VALUES(4,'Christmas Sing Along','2nd annual sing along. Bring your voices, a dessert to share and glad tidings of good joy!','2016-12-18','2016-12-06 06:00:00','2016-12-18','2016-12-06 08:00:00','f','t','2016-12-06 00:17:29.205920','2016-12-06 00:17:29.205920');
INSERT INTO "events" VALUES(5,'Christmas Day Plan','Christmas day is on Sunday this year. We will not be having morning services. Enjoy your families and join us Christmas Eve under the stars.','2016-12-25','2016-12-06 00:35:00','2016-12-25','2016-12-06 00:35:00','t','t','2016-12-06 00:37:07.067835','2016-12-06 00:37:07.067835');
INSERT INTO "events" VALUES(6,'Annual Meeting','All church annual meeting. Celebration of God''s work over the past year and vision casting for the upcoming year.','2017-01-22','2016-12-06 06:30:00','2017-01-29','2016-12-06 08:00:00','f','t','2016-12-06 00:58:46.441262','2016-12-06 00:58:46.441262');
INSERT INTO "events" VALUES(7,'Awana Club','Hope Community / Northwest Bible joint Awana Club at Northwest Bible. For students in Kindergarten through 6th Grade. Wednesday nights from January to April.','2017-01-18','2016-12-06 05:30:00','2017-04-26','2016-12-06 07:00:00','f','t','2016-12-06 01:02:18.534787','2016-12-06 01:02:18.534787');
INSERT INTO "events" VALUES(8,'High School Christmas Party','Break out your mom''s ugly Christmas sweater and bring a gift for the White Elephant gift exchange. We''ll be at Lauren Gray''s house! Contact Lauren, Mike or Emily for the address.','2016-12-16','2016-12-06 06:30:00','2016-12-16','2016-12-06 08:30:00','f','t','2016-12-06 01:21:03.795400','2016-12-06 01:21:03.795400');
INSERT INTO "events" VALUES(9,'Middle School Christmas Party','White elephant and Ugly Sweater.','2016-12-21','2016-12-06 06:30:00','2016-12-21','2016-12-06 08:30:00','f','f','2016-12-06 04:30:38.273393','2016-12-06 04:30:38.273393');
CREATE TABLE "task_media_items" ("id" INTEGER PRIMARY KEY AUTOINCREMENT NOT NULL, "task_id" integer, "media_item_id" integer, "created_at" datetime NOT NULL, "updated_at" datetime NOT NULL);
CREATE TABLE "event_contacts" ("id" INTEGER PRIMARY KEY AUTOINCREMENT NOT NULL, "role" varchar, "event_id" integer, "person_id" integer, "created_at" datetime NOT NULL, "updated_at" datetime NOT NULL);
INSERT INTO "event_contacts" VALUES(1,'Owner',1,1,'2016-12-04 06:53:18.715229','2016-12-04 06:53:18.715229');
CREATE TABLE "tasks" ("id" INTEGER PRIMARY KEY AUTOINCREMENT NOT NULL, "name" varchar, "start_date" date, "end_date" date, "event_id" integer, "audience_id" integer, "destination_id" integer, "owner_id" integer, "created_at" datetime NOT NULL, "updated_at" datetime NOT NULL);
INSERT INTO "tasks" VALUES(1,'Parent Email','2016-11-03','2016-11-03',1,3,3,1,'2016-12-03 05:51:06.067020','2016-12-03 05:51:06.067020');
INSERT INTO "tasks" VALUES(2,'Register Students','2016-12-04','2016-12-04',1,2,3,1,'2016-12-03 10:47:02.422094','2016-12-03 10:47:02.422094');
INSERT INTO "tasks" VALUES(3,'Hang Posters','2016-12-04','2016-12-04',1,1,1,1,'2016-12-03 10:48:28.829208','2016-12-03 10:48:28.829208');
INSERT INTO "tasks" VALUES(4,'This Week At Northwest Spot','2016-12-04','2016-12-11',4,1,4,4,'2016-12-06 00:24:47.175749','2016-12-06 00:35:08.786099');
INSERT INTO "tasks" VALUES(5,'This Week At Northwest Spot','2016-12-11','2016-12-18',4,1,4,4,'2016-12-06 00:34:47.482685','2016-12-06 00:34:47.482685');
INSERT INTO "tasks" VALUES(6,'Christmas Day - TW Spot','2016-12-04','2016-12-11',5,1,4,1,'2016-12-06 00:38:14.531589','2016-12-06 00:38:14.531589');
CREATE TABLE "audiences" ("id" INTEGER PRIMARY KEY AUTOINCREMENT NOT NULL, "name" varchar, "description" text, "created_at" datetime NOT NULL, "updated_at" datetime NOT NULL);
INSERT INTO "audiences" VALUES(1,'All Church','The entire church body.','2016-12-03 05:46:53.731411','2016-12-03 05:46:53.731411');
INSERT INTO "audiences" VALUES(2,'High School Students','Students currently in 9th - 12th grade','2016-12-03 05:47:25.221244','2016-12-03 05:47:25.221244');
INSERT INTO "audiences" VALUES(3,'Youth Parents','Parents of MS or HS students.','2016-12-03 05:48:04.760461','2016-12-03 05:48:04.760461');
INSERT INTO "audiences" VALUES(4,'Connection Group Leaders','All leaders of Connection Groups','2016-12-03 05:48:41.211448','2016-12-03 05:48:41.211448');
INSERT INTO "audiences" VALUES(5,'Children''s Ministry Parents','Parents of children from birth to 5th grade','2016-12-06 00:56:03.302628','2016-12-06 00:56:03.302628');
CREATE TABLE "users" ("id" INTEGER PRIMARY KEY AUTOINCREMENT NOT NULL, "user_name" varchar, "password" varchar, "person_id" integer, "created_at" datetime NOT NULL, "updated_at" datetime NOT NULL);
INSERT INTO "users" VALUES(1,'mike','testing',1,'2016-12-05 20:00:08.805687','2016-12-05 20:00:08.805687');
INSERT INTO "users" VALUES(2,'zack','testing',3,'2016-12-05 20:54:49.529696','2016-12-05 20:54:49.529696');
INSERT INTO "users" VALUES(3,'alyssa','testing',2,'2016-12-05 20:55:31.405522','2016-12-05 20:55:31.405522');
INSERT INTO "users" VALUES(4,'guest','password',4,'2016-12-05 20:57:28.511543','2016-12-05 20:57:28.511543');
DELETE FROM sqlite_sequence;
INSERT INTO "sqlite_sequence" VALUES('people',7);
INSERT INTO "sqlite_sequence" VALUES('destination_types',6);
INSERT INTO "sqlite_sequence" VALUES('destinations',5);
INSERT INTO "sqlite_sequence" VALUES('events',9);
INSERT INTO "sqlite_sequence" VALUES('audiences',5);
INSERT INTO "sqlite_sequence" VALUES('tasks',6);
INSERT INTO "sqlite_sequence" VALUES('tags',2);
INSERT INTO "sqlite_sequence" VALUES('people_lists',1);
INSERT INTO "sqlite_sequence" VALUES('media_items',1);
INSERT INTO "sqlite_sequence" VALUES('event_contacts',1);
INSERT INTO "sqlite_sequence" VALUES('users',4);
CREATE INDEX "index_destinations_on_destination_type_id" ON "destinations" ("destination_type_id");
CREATE INDEX "index_entity_tags_on_basic_entity_id" ON "entity_tags" ("basic_entity_id");
CREATE INDEX "index_entity_tags_on_tag_id" ON "entity_tags" ("tag_id");
CREATE INDEX "index_task_media_items_on_task_id" ON "task_media_items" ("task_id");
CREATE INDEX "index_task_media_items_on_media_item_id" ON "task_media_items" ("media_item_id");
CREATE INDEX "index_event_contacts_on_event_id" ON "event_contacts" ("event_id");
CREATE INDEX "index_event_contacts_on_person_id" ON "event_contacts" ("person_id");
CREATE INDEX "index_tasks_on_event_id" ON "tasks" ("event_id");
CREATE INDEX "index_tasks_on_audience_id" ON "tasks" ("audience_id");
CREATE INDEX "index_tasks_on_destination_id" ON "tasks" ("destination_id");
CREATE INDEX "index_tasks_on_owner_id" ON "tasks" ("owner_id");
CREATE INDEX "index_users_on_person_id" ON "users" ("person_id");
COMMIT;
